object_number,vocab_id,field,source,resolved_at
RP-P-1944-1063,330138398,subject,linked_art:schema_about,2026-06-19T21:19:44Z
RP-P-OB-30.945,330138398,subject,linked_art:schema_about,2026-06-19T21:19:44Z
RP-P-OB-31.369,330138655,subject,linked_art:schema_about,2026-06-19T21:19:44Z
RP-P-OB-25.336,330138666,subject,linked_art:schema_about,2026-06-19T21:19:44Z
RP-P-OB-19.982,330138666,subject,linked_art:schema_about,2026-06-19T21:19:44Z
RP-P-OB-68.028,330138666,subject,linked_art:schema_about,2026-06-19T21:19:44Z
RP-P-OB-38.706,330138666,subject,linked_art:schema_about,2026-06-19T21:19:44Z
RP-P-OB-19.192,330138666,subject,linked_art:schema_about,2026-06-19T21:19:44Z
RP-P-BI-4557,330138666,subject,linked_art:schema_about,2026-06-19T21:19:44Z
RP-P-1908-3146,330138666,subject,linked_art:schema_about,2026-06-19T21:19:44Z
RP-P-1926-922,330138666,subject,linked_art:schema_about,2026-06-19T21:19:44Z
RP-P-1937-976,330138666,subject,linked_art:schema_about,2026-06-19T21:19:44Z
RP-P-1961-606,330138666,subject,linked_art:schema_about,2026-06-19T21:19:44Z
RP-P-1911-1565,330141809,subject,linked_art:schema_about,2026-06-19T21:19:44Z
RP-P-OB-61.958,330141840,subject,linked_art:schema_about,2026-06-19T21:19:44Z
RP-F-F15321,330141921,subject,linked_art:schema_about,2026-06-19T21:19:44Z
RP-F-F22100,330141921,subject,linked_art:schema_about,2026-06-19T21:19:44Z
RP-P-H-H-633,330142095,subject,linked_art:schema_about,2026-06-19T21:19:44Z
RP-P-1910-2617,330142095,subject,linked_art:schema_about,2026-06-19T21:19:44Z
RP-P-H-OB-25.986,330142450,subject,linked_art:schema_about,2026-06-19T21:19:44Z
RP-P-1937-265,330142497,subject,linked_art:schema_about,2026-06-19T21:19:44Z
RP-P-OB-74.663,330142523,subject,linked_art:schema_about,2026-06-19T21:19:44Z
RP-P-1964-3516,330142523,subject,linked_art:schema_about,2026-06-19T21:19:44Z
RP-P-OB-74.473,330142574,subject,linked_art:schema_about,2026-06-19T21:19:44Z
RP-P-OB-29.803,330142666,subject,linked_art:schema_about,2026-06-19T21:19:44Z
RP-P-OB-65.901,330142666,subject,linked_art:schema_about,2026-06-19T21:19:44Z
RP-P-OB-33.374,330142893,subject,linked_art:schema_about,2026-06-19T21:19:44Z
RP-P-OB-74.552,330143116,subject,linked_art:schema_about,2026-06-19T21:19:44Z
RP-P-1912-1204,330143227,subject,linked_art:schema_about,2026-06-19T21:19:44Z
RP-P-1903-A-23715,330143325,subject,linked_art:schema_about,2026-06-19T21:19:44Z
RP-P-1926-655,330143348,subject,linked_art:schema_about,2026-06-19T21:19:44Z
RP-P-1937-568,330143348,subject,linked_art:schema_about,2026-06-19T21:19:44Z
RP-P-1908-5383,330143490,subject,linked_art:schema_about,2026-06-19T21:19:44Z
RP-P-1915-842,330143491,subject,linked_art:schema_about,2026-06-19T21:19:44Z
RP-P-1907-3370,330143491,subject,linked_art:schema_about,2026-06-19T21:19:44Z
RP-P-1934-280,330143491,subject,linked_art:schema_about,2026-06-19T21:19:44Z
RP-P-OB-68.104,330143491,subject,linked_art:schema_about,2026-06-19T21:19:44Z
RP-P-1908-4012,330143491,subject,linked_art:schema_about,2026-06-19T21:19:44Z
RP-F-F05827,330143491,subject,linked_art:schema_about,2026-06-19T21:19:44Z
RP-F-F01096-DZ,330143491,subject,linked_art:schema_about,2026-06-19T21:19:44Z
RP-P-1993-288,330143491,subject,linked_art:schema_about,2026-06-19T21:19:44Z
RP-P-1961-682,330143587,subject,linked_art:schema_about,2026-06-19T21:19:44Z
RP-P-1906-231,330143635,subject,linked_art:schema_about,2026-06-19T21:19:44Z
RP-P-1906-3831,330143683,subject,linked_art:schema_about,2026-06-19T21:19:44Z
RP-P-OB-33.724,330143774,subject,linked_art:schema_about,2026-06-19T21:19:44Z
RP-P-1915-734,330144027,subject,linked_art:schema_about,2026-06-19T21:19:44Z
RP-P-OB-33.483,330144177,subject,linked_art:schema_about,2026-06-19T21:19:44Z
RP-P-OB-30.510,330144177,subject,linked_art:schema_about,2026-06-19T21:19:44Z
RP-P-OB-19.681,330144177,subject,linked_art:schema_about,2026-06-19T21:19:44Z
RP-P-1951-445,330144177,subject,linked_art:schema_about,2026-06-19T21:19:44Z
RP-F-F04890,330144177,subject,linked_art:schema_about,2026-06-19T21:19:44Z
RP-F-F24176,330144177,subject,linked_art:schema_about,2026-06-19T21:19:44Z
BK-NM-12751-A,330144177,subject,linked_art:schema_about,2026-06-19T21:19:44Z
RP-T-1947-31,330144177,subject,linked_art:schema_about,2026-06-19T21:19:44Z
RP-P-1935-1115,330144296,subject,linked_art:schema_about,2026-06-19T21:19:44Z
RP-P-1915-841,330144339,subject,linked_art:schema_about,2026-06-19T21:19:44Z
RP-P-OB-61.327,330144540,subject,linked_art:schema_about,2026-06-19T21:19:44Z
RP-F-F01214-X,330144540,subject,linked_art:schema_about,2026-06-19T21:19:44Z
RP-P-OB-30.656,330144693,subject,linked_art:schema_about,2026-06-19T21:19:44Z
RP-P-1913-4407,330144740,subject,linked_art:schema_about,2026-06-19T21:19:44Z
RP-P-1931-72,330144740,subject,linked_art:schema_about,2026-06-19T21:19:44Z
RP-P-1931-688,330144740,subject,linked_art:schema_about,2026-06-19T21:19:44Z
RP-P-1914-4719,330144740,subject,linked_art:schema_about,2026-06-19T21:19:44Z
RP-P-1936-415,330144740,subject,linked_art:schema_about,2026-06-19T21:19:44Z
RP-P-1942-273,330144740,subject,linked_art:schema_about,2026-06-19T21:19:44Z
RP-P-1913-1349,330144740,subject,linked_art:schema_about,2026-06-19T21:19:44Z
BK-VBR-469,330144740,subject,linked_art:schema_about,2026-06-19T21:19:44Z
RP-T-1944-198,330144740,subject,linked_art:schema_about,2026-06-19T21:19:44Z
RP-F-F22629,330144740,subject,linked_art:schema_about,2026-06-19T21:19:44Z
RP-F-F01176-V,330144740,subject,linked_art:schema_about,2026-06-19T21:19:44Z
RP-F-F13299,330144740,subject,linked_art:schema_about,2026-06-19T21:19:44Z
RP-F-F19672,330144740,subject,linked_art:schema_about,2026-06-19T21:19:44Z
RP-F-F09170,330144740,subject,linked_art:schema_about,2026-06-19T21:19:44Z
RP-F-F25705-O,330144740,subject,linked_art:schema_about,2026-06-19T21:19:44Z
RP-F-F19730,330144740,subject,linked_art:schema_about,2026-06-19T21:19:44Z
RP-F-F19735,330144740,subject,linked_art:schema_about,2026-06-19T21:19:44Z
RP-F-F00907-AQ,330144740,subject,linked_art:schema_about,2026-06-19T21:19:44Z
NG-695-2,330144740,subject,linked_art:schema_about,2026-06-19T21:19:44Z
RP-P-OB-57.070,330144740,subject,linked_art:schema_about,2026-06-19T21:19:44Z
RP-P-1913-3722,330144860,subject,linked_art:schema_about,2026-06-19T21:19:44Z
RP-P-1907-884,330145043,subject,linked_art:schema_about,2026-06-19T21:19:44Z
RP-P-OB-30.510,330145088,subject,linked_art:schema_about,2026-06-19T21:19:44Z
RP-F-F24176,330145088,subject,linked_art:schema_about,2026-06-19T21:19:44Z
RP-P-1890-A-15470,330145105,subject,linked_art:schema_about,2026-06-19T21:19:44Z
RP-P-1921-454,330145260,subject,linked_art:schema_about,2026-06-19T21:19:44Z
RP-P-1908-4921,330145351,subject,linked_art:schema_about,2026-06-19T21:19:44Z
RP-P-OB-56.176,330145355,subject,linked_art:schema_about,2026-06-19T21:19:44Z
RP-P-1918-1185,330145530,subject,linked_art:schema_about,2026-06-19T21:19:44Z
RP-P-1910-2698,330145564,subject,linked_art:schema_about,2026-06-19T21:19:44Z
RP-P-1959-271,330145573,subject,linked_art:schema_about,2026-06-19T21:19:44Z
RP-P-AO-25-64-1,330145573,subject,linked_art:schema_about,2026-06-19T21:19:44Z
RP-P-1898-A-21467D,330145656,subject,linked_art:schema_about,2026-06-19T21:19:44Z
RP-P-OB-41.779,330145656,subject,linked_art:schema_about,2026-06-19T21:19:44Z
RP-P-OB-38.691,330145656,subject,linked_art:schema_about,2026-06-19T21:19:44Z
RP-P-OB-74.767,330145656,subject,linked_art:schema_about,2026-06-19T21:19:44Z
NG-VG-18-111,330145656,subject,linked_art:schema_about,2026-06-19T21:19:44Z
RP-F-F22951,330145656,subject,linked_art:schema_about,2026-06-19T21:19:44Z
RP-F-F00987-BS,330145656,subject,linked_art:schema_about,2026-06-19T21:19:44Z
RP-T-00-2545,330145656,subject,linked_art:schema_about,2026-06-19T21:19:44Z
RP-P-1969-257,330145811,subject,linked_art:schema_about,2026-06-19T21:19:44Z
RP-T-1980-28(R),330145811,subject,linked_art:schema_about,2026-06-19T21:19:44Z
RP-P-1905-5014,330146276,subject,linked_art:schema_about,2026-06-19T21:19:44Z
RP-P-1882-A-5496,330146345,subject,linked_art:schema_about,2026-06-19T21:19:44Z
RP-P-1938-1390,330146408,subject,linked_art:schema_about,2026-06-19T21:19:44Z
RP-P-OB-24.872,330146734,subject,linked_art:schema_about,2026-06-19T21:19:44Z
RP-P-1909-1509,330146958,subject,linked_art:schema_about,2026-06-19T21:19:44Z
RP-P-OB-24.496,330146978,subject,linked_art:schema_about,2026-06-19T21:19:44Z
RP-P-1931-161,330146995,subject,linked_art:schema_about,2026-06-19T21:19:44Z
RP-P-1907-1785,330147844,subject,linked_art:schema_about,2026-06-19T21:19:44Z
RP-P-1953-696,330148700,subject,linked_art:schema_about,2026-06-19T21:19:44Z
BK-16679-A,330148700,subject,linked_art:schema_about,2026-06-19T21:19:44Z
RP-P-1942-346,330148831,subject,linked_art:schema_about,2026-06-19T21:19:44Z
RP-P-1938-1040,330149197,subject,linked_art:schema_about,2026-06-19T21:19:44Z
RP-T-1924-11,330149197,subject,linked_art:schema_about,2026-06-19T21:19:44Z
RP-P-1878-A-762,330149336,subject,linked_art:schema_about,2026-06-19T21:19:44Z
RP-P-1938-966,330149890,subject,linked_art:schema_about,2026-06-19T21:19:44Z
RP-P-1943-84,330150015,subject,linked_art:schema_about,2026-06-19T21:19:44Z
BK-1980-92-G,330150142,subject,linked_art:schema_about,2026-06-19T21:19:44Z
BK-1993-77,330150142,subject,linked_art:schema_about,2026-06-19T21:19:44Z
RP-T-1898-A-3532,330150142,subject,linked_art:schema_about,2026-06-19T21:19:44Z
BK-NM-12322,330150142,subject,linked_art:schema_about,2026-06-19T21:19:44Z
BK-BR-725-7-C,330150142,subject,linked_art:schema_about,2026-06-19T21:19:44Z
NG-VG-3-1379,330150374,subject,linked_art:schema_about,2026-06-19T21:19:44Z
RP-P-1944-2784,330150592,subject,linked_art:schema_about,2026-06-19T21:19:44Z
RP-P-1977-410,330150608,subject,linked_art:schema_about,2026-06-19T21:19:44Z
RP-P-1914-71,330150677,subject,linked_art:schema_about,2026-06-19T21:19:44Z
RP-P-1931-1175,330150776,subject,linked_art:schema_about,2026-06-19T21:19:44Z
RP-P-1914-28,330151094,subject,linked_art:schema_about,2026-06-19T21:19:44Z
RP-P-OB-68.006,330151381,subject,linked_art:schema_about,2026-06-19T21:19:44Z
RP-P-1904-3442,330151381,subject,linked_art:schema_about,2026-06-19T21:19:44Z
RP-P-1934-280,330151381,subject,linked_art:schema_about,2026-06-19T21:19:44Z
RP-P-OB-74.745,330151381,subject,linked_art:schema_about,2026-06-19T21:19:44Z
RP-P-OB-74.767,330151381,subject,linked_art:schema_about,2026-06-19T21:19:44Z
RP-F-F01126-N,330151381,subject,linked_art:schema_about,2026-06-19T21:19:44Z
RP-F-F00664-AV,330151381,subject,linked_art:schema_about,2026-06-19T21:19:44Z
RP-F-F00710-CQ,330151381,subject,linked_art:schema_about,2026-06-19T21:19:44Z
RP-T-1994-243,330151381,subject,linked_art:schema_about,2026-06-19T21:19:44Z
NG-1994-5-4,330151381,subject,linked_art:schema_about,2026-06-19T21:19:44Z
RP-T-1969-881,330151381,subject,linked_art:schema_about,2026-06-19T21:19:44Z
BK-1975-6-C,330151381,subject,linked_art:schema_about,2026-06-19T21:19:44Z
NG-1995-10-44,330151381,subject,linked_art:schema_about,2026-06-19T21:19:44Z
NG-1980-35-I,330151381,subject,linked_art:schema_about,2026-06-19T21:19:44Z
RP-P-1938-1249,330151381,subject,linked_art:schema_about,2026-06-19T21:19:44Z
RP-P-OB-15.333,330151381,subject,linked_art:schema_about,2026-06-19T21:19:44Z
RP-P-1918-1345,330151383,subject,linked_art:schema_about,2026-06-19T21:19:44Z
RP-P-OB-53.188,330151470,subject,linked_art:schema_about,2026-06-19T21:19:44Z
RP-P-1911-6005,330152431,subject,linked_art:schema_about,2026-06-19T21:19:44Z
RP-P-1952-986,330152431,subject,linked_art:schema_about,2026-06-19T21:19:44Z
RP-P-1922-230,330152431,subject,linked_art:schema_about,2026-06-19T21:19:44Z
RP-P-1942-273,330152431,subject,linked_art:schema_about,2026-06-19T21:19:44Z
NG-VG-18-129,330152431,subject,linked_art:schema_about,2026-06-19T21:19:44Z
RP-F-F05700,330152431,subject,linked_art:schema_about,2026-06-19T21:19:44Z
RP-F-F06748,330152431,subject,linked_art:schema_about,2026-06-19T21:19:44Z
RP-F-F07507,330152431,subject,linked_art:schema_about,2026-06-19T21:19:44Z
RP-F-F07811,330152431,subject,linked_art:schema_about,2026-06-19T21:19:44Z
RP-F-F08280,330152431,subject,linked_art:schema_about,2026-06-19T21:19:44Z
RP-T-1950-583(R),330152431,subject,linked_art:schema_about,2026-06-19T21:19:44Z
BK-NM-10601,330152431,subject,linked_art:schema_about,2026-06-19T21:19:44Z
RP-T-1974-43,330152431,subject,linked_art:schema_about,2026-06-19T21:19:44Z
RP-T-1940-210,330152431,subject,linked_art:schema_about,2026-06-19T21:19:44Z
BK-1976-184-A,330152431,subject,linked_art:schema_about,2026-06-19T21:19:44Z
BK-1978-425-E-2,330152431,subject,linked_art:schema_about,2026-06-19T21:19:44Z
RP-P-1964-3555,330152431,subject,linked_art:schema_about,2026-06-19T21:19:44Z
RP-P-1898-A-20400,330152431,subject,linked_art:schema_about,2026-06-19T21:19:44Z
RP-P-OB-40.178,330152440,subject,linked_art:schema_about,2026-06-19T21:19:44Z
RP-P-1983-183,330152626,subject,linked_art:schema_about,2026-06-19T21:19:44Z
RP-P-OB-25.238,330152626,subject,linked_art:schema_about,2026-06-19T21:19:44Z
NG-1972-24-A,330152626,subject,linked_art:schema_about,2026-06-19T21:19:44Z
RP-F-F03078,330152626,subject,linked_art:schema_about,2026-06-19T21:19:44Z
RP-F-F08366,330152626,subject,linked_art:schema_about,2026-06-19T21:19:44Z
RP-F-F00832-C,330152626,subject,linked_art:schema_about,2026-06-19T21:19:44Z
RP-F-F19962,330152626,subject,linked_art:schema_about,2026-06-19T21:19:44Z
RP-T-1964-303,330152626,subject,linked_art:schema_about,2026-06-19T21:19:44Z
RP-T-1939-5,330152626,subject,linked_art:schema_about,2026-06-19T21:19:44Z
RP-P-1921-74,330152626,subject,linked_art:schema_about,2026-06-19T21:19:44Z
RP-P-1936-523,330152749,subject,linked_art:schema_about,2026-06-19T21:19:44Z
BK-1978-39-A,330152749,subject,linked_art:schema_about,2026-06-19T21:19:44Z
RP-P-1927-358,330152854,subject,linked_art:schema_about,2026-06-19T21:19:44Z
RP-P-1946-218,330152981,subject,linked_art:schema_about,2026-06-19T21:19:44Z
RP-P-1980-341,330153123,subject,linked_art:schema_about,2026-06-19T21:19:44Z
NG-1972-28-18-P-1,330153123,subject,linked_art:schema_about,2026-06-19T21:19:44Z
BK-NM-11110,330153123,subject,linked_art:schema_about,2026-06-19T21:19:44Z
RP-P-1926-1072,330153192,subject,linked_art:schema_about,2026-06-19T21:19:44Z
RP-P-1964-377,330153714,subject,linked_art:schema_about,2026-06-19T21:19:44Z
RP-P-1952-793,330154370,subject,linked_art:schema_about,2026-06-19T21:19:44Z
RP-T-1903-A-4748,330154370,subject,linked_art:schema_about,2026-06-19T21:19:44Z
RP-F-F22884,330154370,subject,linked_art:schema_about,2026-06-19T21:19:44Z
RP-F-F24883,330154370,subject,linked_art:schema_about,2026-06-19T21:19:44Z
RP-F-F00761-Q,330154370,subject,linked_art:schema_about,2026-06-19T21:19:44Z
RP-P-1906-3244,330154370,subject,linked_art:schema_about,2026-06-19T21:19:44Z
RP-P-1910-6879,330154370,subject,linked_art:schema_about,2026-06-19T21:19:44Z
RP-F-F14585,330154446,subject,linked_art:schema_about,2026-06-19T21:19:44Z
RP-T-1949-149,330154452,subject,linked_art:schema_about,2026-06-19T21:19:44Z
RP-P-1924-477,330154711,subject,linked_art:schema_about,2026-06-19T21:19:44Z
RP-P-1948-114A,330154711,subject,linked_art:schema_about,2026-06-19T21:19:44Z
RP-P-1911-5643,330154711,subject,linked_art:schema_about,2026-06-19T21:19:44Z
RP-P-OB-19.977,330154711,subject,linked_art:schema_about,2026-06-19T21:19:44Z
RP-P-1922-392,330154711,subject,linked_art:schema_about,2026-06-19T21:19:44Z
RP-P-OB-38.620,330154711,subject,linked_art:schema_about,2026-06-19T21:19:44Z
RP-P-OB-38.662,330154711,subject,linked_art:schema_about,2026-06-19T21:19:44Z
RP-P-1904-2657,330154711,subject,linked_art:schema_about,2026-06-19T21:19:44Z
RP-T-00-1703,330154711,subject,linked_art:schema_about,2026-06-19T21:19:44Z
RP-T-00-1706,330154711,subject,linked_art:schema_about,2026-06-19T21:19:44Z
RP-P-1926-810,330154711,subject,linked_art:schema_about,2026-06-19T21:19:44Z
RP-P-AO-20-9B,330154711,subject,linked_art:schema_about,2026-06-19T21:19:44Z
RP-P-OB-29.732,330154895,subject,linked_art:schema_about,2026-06-19T21:19:44Z
RP-P-OB-65.537,330154895,subject,linked_art:schema_about,2026-06-19T21:19:44Z
RP-P-1957-570,330155122,subject,linked_art:schema_about,2026-06-19T21:19:44Z
RP-P-OB-71.392,330155497,subject,linked_art:schema_about,2026-06-19T21:19:44Z
RP-F-F06667,330155497,subject,linked_art:schema_about,2026-06-19T21:19:44Z
RP-P-OB-25.071,330155916,subject,linked_art:schema_about,2026-06-19T21:19:44Z
RP-P-1931-1800,330156157,subject,linked_art:schema_about,2026-06-19T21:19:44Z
RP-P-1954-166,330156230,subject,linked_art:schema_about,2026-06-19T21:19:44Z
RP-F-F15321,330156230,subject,linked_art:schema_about,2026-06-19T21:19:44Z
RP-F-F22100,330156230,subject,linked_art:schema_about,2026-06-19T21:19:44Z
RP-F-F24138,330156230,subject,linked_art:schema_about,2026-06-19T21:19:44Z
RP-F-F19264,330156230,subject,linked_art:schema_about,2026-06-19T21:19:44Z
RP-P-1969-368,330156374,subject,linked_art:schema_about,2026-06-19T21:19:44Z
RP-P-1942-475,330165040,subject,linked_art:schema_about,2026-06-19T21:19:44Z
RP-P-1982-850,330165123,subject,linked_art:schema_about,2026-06-19T21:19:44Z
RP-P-1986-385,330165288,subject,linked_art:schema_about,2026-06-19T21:19:44Z
RP-P-1932-88,330165389,subject,linked_art:schema_about,2026-06-19T21:19:44Z
RP-P-1946-35,330165441,subject,linked_art:schema_about,2026-06-19T21:19:44Z
RP-P-OB-37.280,330165441,subject,linked_art:schema_about,2026-06-19T21:19:44Z
RP-P-OB-25.221D(R),330166077,subject,linked_art:schema_about,2026-06-19T21:19:44Z
RP-P-OB-25.220B,330166077,subject,linked_art:schema_about,2026-06-19T21:19:44Z
RP-T-1956-334(R),330166077,subject,linked_art:schema_about,2026-06-19T21:19:44Z
RP-P-1921-24,330166077,subject,linked_art:schema_about,2026-06-19T21:19:44Z
RP-P-1973-236,330166131,subject,linked_art:schema_about,2026-06-19T21:19:44Z
RP-P-1913-3372,330166209,subject,linked_art:schema_about,2026-06-19T21:19:44Z
NG-VG-3-1157,330166718,subject,linked_art:schema_about,2026-06-19T21:19:44Z
RP-P-1925-193,330166819,subject,linked_art:schema_about,2026-06-19T21:19:44Z
NG-VG-11-98,330166926,subject,linked_art:schema_about,2026-06-19T21:19:44Z
NG-VG-3-1180-A,330167155,subject,linked_art:schema_about,2026-06-19T21:19:44Z
RP-P-1911-5588,330167287,subject,linked_art:schema_about,2026-06-19T21:19:44Z
RP-P-OB-25.619,330167720,subject,linked_art:schema_about,2026-06-19T21:19:44Z
AK-MAK-1437,330167720,subject,linked_art:schema_about,2026-06-19T21:19:44Z
NG-VG-9-822,330168330,subject,linked_art:schema_about,2026-06-19T21:19:44Z
RP-F-F11312,330168330,subject,linked_art:schema_about,2026-06-19T21:19:44Z
BK-16825-P,330168330,subject,linked_art:schema_about,2026-06-19T21:19:44Z
NG-VG-12-121,330168671,subject,linked_art:schema_about,2026-06-19T21:19:44Z
RP-F-F01138-C,330168671,subject,linked_art:schema_about,2026-06-19T21:19:44Z
RP-F-F01100-AB,330168671,subject,linked_art:schema_about,2026-06-19T21:19:44Z
BK-1978-278-B,330168671,subject,linked_art:schema_about,2026-06-19T21:19:44Z
RP-P-1996-73,330168671,subject,linked_art:schema_about,2026-06-19T21:19:44Z
NG-VG-12-29,330169147,subject,linked_art:schema_about,2026-06-19T21:19:44Z
RP-T-1897-A-3258,330169147,subject,linked_art:schema_about,2026-06-19T21:19:44Z
RP-P-OB-37.243,330170465,subject,linked_art:schema_about,2026-06-19T21:19:44Z
NG-VG-4-306,330170496,subject,linked_art:schema_about,2026-06-19T21:19:44Z
NG-NM-10385-77-B,330170532,subject,linked_art:schema_about,2026-06-19T21:19:44Z
NG-VG-20-232-C,330171134,subject,linked_art:schema_about,2026-06-19T21:19:44Z
NG-MC-537,330171179,subject,linked_art:schema_about,2026-06-19T21:19:44Z
NG-VG-1-4064-A,330171277,subject,linked_art:schema_about,2026-06-19T21:19:44Z
NG-VG-4-108,330171419,subject,linked_art:schema_about,2026-06-19T21:19:44Z
RP-T-1931-196,330171419,subject,linked_art:schema_about,2026-06-19T21:19:44Z
NG-NM-10388-53,330171936,subject,linked_art:schema_about,2026-06-19T21:19:44Z
RP-T-00-2187,330171936,subject,linked_art:schema_about,2026-06-19T21:19:44Z
RP-T-00-2188(R),330171936,subject,linked_art:schema_about,2026-06-19T21:19:44Z
RP-P-H-H-100X,330172072,subject,linked_art:schema_about,2026-06-19T21:19:44Z
RP-P-1907-5598,330172077,subject,linked_art:schema_about,2026-06-19T21:19:44Z
RP-P-H-H-694,330172077,subject,linked_art:schema_about,2026-06-19T21:19:44Z
RP-T-1982-81,330172077,subject,linked_art:schema_about,2026-06-19T21:19:44Z
RP-T-1897-A-3257,330172077,subject,linked_art:schema_about,2026-06-19T21:19:44Z
RP-F-F01211-K,330172077,subject,linked_art:schema_about,2026-06-19T21:19:44Z
RP-T-1950-532,330172077,subject,linked_art:schema_about,2026-06-19T21:19:44Z
RP-P-OB-50.619,330172077,subject,linked_art:schema_about,2026-06-19T21:19:44Z
RP-P-OB-5135,330172077,subject,linked_art:schema_about,2026-06-19T21:19:44Z
RP-T-00-2309,330172428,subject,linked_art:schema_about,2026-06-19T21:19:44Z
RP-T-1994-3,330172428,subject,linked_art:schema_about,2026-06-19T21:19:44Z
RP-T-00-2159(R),330172703,subject,linked_art:schema_about,2026-06-19T21:19:44Z
NG-689,330172774,subject,linked_art:schema_about,2026-06-19T21:19:44Z
RP-F-F00906-F,330172774,subject,linked_art:schema_about,2026-06-19T21:19:44Z
BK-1993-39,330172943,subject,linked_art:schema_about,2026-06-19T21:19:44Z
RP-P-1921-96,330172943,subject,linked_art:schema_about,2026-06-19T21:19:44Z
RP-T-1889-A-2023,330173106,subject,linked_art:schema_about,2026-06-19T21:19:44Z
NG-NM-10385-186-B,330173158,subject,linked_art:schema_about,2026-06-19T21:19:44Z
RP-T-1959-344,330173840,subject,linked_art:schema_about,2026-06-19T21:19:44Z
RP-F-F00010,330173840,subject,linked_art:schema_about,2026-06-19T21:19:44Z
RP-T-1980-168(V),330173840,subject,linked_art:schema_about,2026-06-19T21:19:44Z
RP-F-F14594,330173840,subject,linked_art:schema_about,2026-06-19T21:19:44Z
RP-F-F15056,330173840,subject,linked_art:schema_about,2026-06-19T21:19:44Z
RP-F-F00851,330173840,subject,linked_art:schema_about,2026-06-19T21:19:44Z
RP-F-F00910,330173840,subject,linked_art:schema_about,2026-06-19T21:19:44Z
RP-F-F01934,330173840,subject,linked_art:schema_about,2026-06-19T21:19:44Z
RP-F-F21558,330173840,subject,linked_art:schema_about,2026-06-19T21:19:44Z
RP-F-F21619,330173840,subject,linked_art:schema_about,2026-06-19T21:19:44Z
RP-F-F22184,330173840,subject,linked_art:schema_about,2026-06-19T21:19:44Z
RP-F-F04818,330173840,subject,linked_art:schema_about,2026-06-19T21:19:44Z
RP-F-F05301,330173840,subject,linked_art:schema_about,2026-06-19T21:19:44Z
RP-F-F05346,330173840,subject,linked_art:schema_about,2026-06-19T21:19:44Z
RP-F-F05168,330173840,subject,linked_art:schema_about,2026-06-19T21:19:44Z
RP-F-F05768,330173840,subject,linked_art:schema_about,2026-06-19T21:19:44Z
RP-F-F03606,330173840,subject,linked_art:schema_about,2026-06-19T21:19:44Z
RP-F-F18151,330173840,subject,linked_art:schema_about,2026-06-19T21:19:44Z
RP-F-F18207,330173840,subject,linked_art:schema_about,2026-06-19T21:19:44Z
RP-F-F04212,330173840,subject,linked_art:schema_about,2026-06-19T21:19:44Z
RP-F-F23674,330173840,subject,linked_art:schema_about,2026-06-19T21:19:44Z
RP-F-F00666-P,330173840,subject,linked_art:schema_about,2026-06-19T21:19:44Z
RP-F-F00797-H,330173840,subject,linked_art:schema_about,2026-06-19T21:19:44Z
RP-F-F01149-AC,330173840,subject,linked_art:schema_about,2026-06-19T21:19:44Z
RP-F-F01153-R,330173840,subject,linked_art:schema_about,2026-06-19T21:19:44Z
RP-F-F08452,330173840,subject,linked_art:schema_about,2026-06-19T21:19:44Z
RP-F-F13632,330173840,subject,linked_art:schema_about,2026-06-19T21:19:44Z
RP-F-F13821,330173840,subject,linked_art:schema_about,2026-06-19T21:19:44Z
RP-F-F02950,330173840,subject,linked_art:schema_about,2026-06-19T21:19:44Z
RP-F-F25217-E,330173840,subject,linked_art:schema_about,2026-06-19T21:19:44Z
RP-F-F25476-P,330173840,subject,linked_art:schema_about,2026-06-19T21:19:44Z
RP-F-F09176,330173840,subject,linked_art:schema_about,2026-06-19T21:19:44Z
RP-F-F19868,330173840,subject,linked_art:schema_about,2026-06-19T21:19:44Z
RP-F-F00681-EQ,330173840,subject,linked_art:schema_about,2026-06-19T21:19:44Z
RP-T-1979-68(R),330173840,subject,linked_art:schema_about,2026-06-19T21:19:44Z
NG-695-55,330173840,subject,linked_art:schema_about,2026-06-19T21:19:44Z
RP-T-1927-170,330173840,subject,linked_art:schema_about,2026-06-19T21:19:44Z
RP-T-1962-204,330173840,subject,linked_art:schema_about,2026-06-19T21:19:44Z
RP-P-1910-1175,330173840,subject,linked_art:schema_about,2026-06-19T21:19:44Z
RP-P-1938-1013,330173840,subject,linked_art:schema_about,2026-06-19T21:19:44Z
RP-T-1926-131,330173840,subject,linked_art:schema_about,2026-06-19T21:19:44Z
RP-T-1960-367,330173840,subject,linked_art:schema_about,2026-06-19T21:19:44Z
RP-T-1976-49,330173840,subject,linked_art:schema_about,2026-06-19T21:19:44Z
RP-P-OB-52.292,330173840,subject,linked_art:schema_about,2026-06-19T21:19:44Z
RP-P-OB-54.023,330173840,subject,linked_art:schema_about,2026-06-19T21:19:44Z
RP-T-1940-261,330173840,subject,linked_art:schema_about,2026-06-19T21:19:44Z
BK-NM-13203,330173840,subject,linked_art:schema_about,2026-06-19T21:19:44Z
RP-T-1972-86,330173840,subject,linked_art:schema_about,2026-06-19T21:19:44Z
BK-17474-63,330173840,subject,linked_art:schema_about,2026-06-19T21:19:44Z
RP-P-1905-5307,330173840,subject,linked_art:schema_about,2026-06-19T21:19:44Z
RP-P-1994-258,330173840,subject,linked_art:schema_about,2026-06-19T21:19:44Z
AK-NM-6612-B,330173840,subject,linked_art:schema_about,2026-06-19T21:19:44Z
AK-NM-6613-B,330173840,subject,linked_art:schema_about,2026-06-19T21:19:44Z
AK-NM-6614-B,330173840,subject,linked_art:schema_about,2026-06-19T21:19:44Z
RP-P-OB-16.026,330173840,subject,linked_art:schema_about,2026-06-19T21:19:44Z
BK-1983-69-A,330173840,subject,linked_art:schema_about,2026-06-19T21:19:44Z
NG-1975-43-T,330173840,subject,linked_art:schema_about,2026-06-19T21:19:44Z
AK-NM-6880-A,330173840,subject,linked_art:schema_about,2026-06-19T21:19:44Z
RP-P-1913-2939,330173840,subject,linked_art:schema_about,2026-06-19T21:19:44Z
BK-1978-835,330173840,subject,linked_art:schema_about,2026-06-19T21:19:44Z
RP-P-OB-19.768,330173840,subject,linked_art:schema_about,2026-06-19T21:19:44Z
NG-1979-142,330173840,subject,linked_art:schema_about,2026-06-19T21:19:44Z
RP-P-1905-2159,330173840,subject,linked_art:schema_about,2026-06-19T21:19:44Z
RP-P-OB-65.837,330173840,subject,linked_art:schema_about,2026-06-19T21:19:44Z
RP-P-1911-3459,330173840,subject,linked_art:schema_about,2026-06-19T21:19:44Z
NG-MC-1107,330174007,subject,linked_art:schema_about,2026-06-19T21:19:44Z
NG-MC-1224,330174253,subject,linked_art:schema_about,2026-06-19T21:19:44Z
RP-F-F11118,330174253,subject,linked_art:schema_about,2026-06-19T21:19:44Z
NG-NM-10388-65-Q,330174337,subject,linked_art:schema_about,2026-06-19T21:19:44Z
RP-F-F01001-AZ,330174337,subject,linked_art:schema_about,2026-06-19T21:19:44Z
BK-1965-37-M,330174561,subject,linked_art:schema_about,2026-06-19T21:19:44Z
RP-T-1948-660,330174720,subject,linked_art:schema_about,2026-06-19T21:19:44Z
RP-F-F17681,330174877,subject,linked_art:schema_about,2026-06-19T21:19:44Z
RP-F-F17700,330174877,subject,linked_art:schema_about,2026-06-19T21:19:44Z
RP-F-F07327,330174877,subject,linked_art:schema_about,2026-06-19T21:19:44Z
RP-P-1904-833,330174877,subject,linked_art:schema_about,2026-06-19T21:19:44Z
BK-16031,330174986,subject,linked_art:schema_about,2026-06-19T21:19:44Z
RP-T-1915-77,330174987,subject,linked_art:schema_about,2026-06-19T21:19:44Z
RP-T-1964-239,330174987,subject,linked_art:schema_about,2026-06-19T21:19:44Z
RP-F-F14554-A,330175074,subject,linked_art:schema_about,2026-06-19T21:19:44Z
RP-T-1951-421,330175297,subject,linked_art:schema_about,2026-06-19T21:19:44Z
NG-NM-10402,330175337,subject,linked_art:schema_about,2026-06-19T21:19:44Z
RP-T-1953-79,330175339,subject,linked_art:schema_about,2026-06-19T21:19:44Z
RP-T-1897-A-3305,330175452,subject,linked_art:schema_about,2026-06-19T21:19:44Z
RP-F-F15127,330175521,subject,linked_art:schema_about,2026-06-19T21:19:44Z
RP-F-F00681-CM,330175521,subject,linked_art:schema_about,2026-06-19T21:19:44Z
RP-P-OB-32.824,330175885,subject,linked_art:schema_about,2026-06-19T21:19:44Z
BK-NM-790,330175885,subject,linked_art:schema_about,2026-06-19T21:19:44Z
RP-T-00-2385,330176126,subject,linked_art:schema_about,2026-06-19T21:19:44Z
RP-T-1962-441,330176140,subject,linked_art:schema_about,2026-06-19T21:19:44Z
BK-KOG-1396,330176140,subject,linked_art:schema_about,2026-06-19T21:19:44Z
RP-T-1962-442,330176180,subject,linked_art:schema_about,2026-06-19T21:19:44Z
RP-T-1922-37(V),330176398,subject,linked_art:schema_about,2026-06-19T21:19:44Z
RP-F-00-2187,330176839,subject,linked_art:schema_about,2026-06-19T21:19:44Z
RP-F-F25505-CE,330176839,subject,linked_art:schema_about,2026-06-19T21:19:44Z
RP-F-F01873,330176847,subject,linked_art:schema_about,2026-06-19T21:19:44Z
RP-F-F14757-A,330176992,subject,linked_art:schema_about,2026-06-19T21:19:44Z
RP-F-F02532,330177213,subject,linked_art:schema_about,2026-06-19T21:19:44Z
RP-F-F00802,330177393,subject,linked_art:schema_about,2026-06-19T21:19:44Z
BK-16655-E,330177407,subject,linked_art:schema_about,2026-06-19T21:19:44Z
RP-F-F15031,330177422,subject,linked_art:schema_about,2026-06-19T21:19:44Z
RP-T-1950-592,330177766,subject,linked_art:schema_about,2026-06-19T21:19:44Z
RP-P-1992-56,330177770,subject,linked_art:schema_about,2026-06-19T21:19:44Z
RP-P-1992-37,330177775,subject,linked_art:schema_about,2026-06-19T21:19:44Z
BK-NM-12000,330177786,subject,linked_art:schema_about,2026-06-19T21:19:44Z
RP-F-F00590,330177823,subject,linked_art:schema_about,2026-06-19T21:19:44Z
BK-15615-C,330178246,subject,linked_art:schema_about,2026-06-19T21:19:44Z
RP-P-1905-5440,330178255,subject,linked_art:schema_about,2026-06-19T21:19:44Z
RP-F-F01032,330178338,subject,linked_art:schema_about,2026-06-19T21:19:44Z
RP-F-F14784-A,330178597,subject,linked_art:schema_about,2026-06-19T21:19:44Z
NG-NM-10411,330178690,subject,linked_art:schema_about,2026-06-19T21:19:44Z
RP-F-F15242,330178935,subject,linked_art:schema_about,2026-06-19T21:19:44Z
RP-F-F15304,330178972,subject,linked_art:schema_about,2026-06-19T21:19:44Z
RP-F-F15024,330179133,subject,linked_art:schema_about,2026-06-19T21:19:44Z
NG-NM-10388-62,330179359,subject,linked_art:schema_about,2026-06-19T21:19:44Z
RP-T-1994-107,330179809,subject,linked_art:schema_about,2026-06-19T21:19:44Z
RP-T-1980-97,330180640,subject,linked_art:schema_about,2026-06-19T21:19:44Z
RP-F-F05074,330180740,subject,linked_art:schema_about,2026-06-19T21:19:44Z
RP-F-F22281,330180789,subject,linked_art:schema_about,2026-06-19T21:19:44Z
RP-T-1989-164,330180892,subject,linked_art:schema_about,2026-06-19T21:19:44Z
RP-F-F03861,330180892,subject,linked_art:schema_about,2026-06-19T21:19:44Z
RP-F-F01061-J,330180892,subject,linked_art:schema_about,2026-06-19T21:19:44Z
RP-F-F01062-B,330180892,subject,linked_art:schema_about,2026-06-19T21:19:44Z
RP-F-F08068,330180892,subject,linked_art:schema_about,2026-06-19T21:19:44Z
RP-F-F15859-C,330180892,subject,linked_art:schema_about,2026-06-19T21:19:44Z
RP-F-F13511,330180892,subject,linked_art:schema_about,2026-06-19T21:19:44Z
RP-F-F25218-B,330180892,subject,linked_art:schema_about,2026-06-19T21:19:44Z
RP-F-F26652,330180892,subject,linked_art:schema_about,2026-06-19T21:19:44Z
RP-F-F17391,330180892,subject,linked_art:schema_about,2026-06-19T21:19:44Z
RP-F-F00675-K,330180892,subject,linked_art:schema_about,2026-06-19T21:19:44Z
RP-F-F00675-BE,330180892,subject,linked_art:schema_about,2026-06-19T21:19:44Z
RP-T-1962-204,330180892,subject,linked_art:schema_about,2026-06-19T21:19:44Z
NG-1994-13-1,330180892,subject,linked_art:schema_about,2026-06-19T21:19:44Z
RP-P-1994-258,330180892,subject,linked_art:schema_about,2026-06-19T21:19:44Z
AK-NM-6960-B,330180892,subject,linked_art:schema_about,2026-06-19T21:19:44Z
BK-1978-749-C,330180892,subject,linked_art:schema_about,2026-06-19T21:19:44Z
RP-T-1991-7,330180892,subject,linked_art:schema_about,2026-06-19T21:19:44Z
RP-P-1965-429,330180892,subject,linked_art:schema_about,2026-06-19T21:19:44Z
RP-T-1969-28,330180892,subject,linked_art:schema_about,2026-06-19T21:19:44Z
BK-BR-276,330180892,subject,linked_art:schema_about,2026-06-19T21:19:44Z
RP-P-OB-64.692,330180892,subject,linked_art:schema_about,2026-06-19T21:19:44Z
RP-P-1898-A-19903,330180892,subject,linked_art:schema_about,2026-06-19T21:19:44Z
RP-F-F22320,330181275,subject,linked_art:schema_about,2026-06-19T21:19:44Z
RP-F-F02657-A,330181569,subject,linked_art:schema_about,2026-06-19T21:19:44Z
RP-F-F22695,330181609,subject,linked_art:schema_about,2026-06-19T21:19:44Z
RP-F-F16438,330181833,subject,linked_art:schema_about,2026-06-19T21:19:44Z
RP-F-F16511,330181932,subject,linked_art:schema_about,2026-06-19T21:19:44Z
RP-F-F00885-H,330181932,subject,linked_art:schema_about,2026-06-19T21:19:44Z
RP-F-F04106,330182009,subject,linked_art:schema_about,2026-06-19T21:19:44Z
RP-F-F05573,330182161,subject,linked_art:schema_about,2026-06-19T21:19:44Z
RP-F-F23635,330182358,subject,linked_art:schema_about,2026-06-19T21:19:44Z
RP-F-F00678-BA,330182358,subject,linked_art:schema_about,2026-06-19T21:19:44Z
RP-F-F00678-BH,330182370,subject,linked_art:schema_about,2026-06-19T21:19:44Z
RP-F-F07519,330182370,subject,linked_art:schema_about,2026-06-19T21:19:44Z
RP-F-F15503,330182370,subject,linked_art:schema_about,2026-06-19T21:19:44Z
RP-F-00-2372,330182370,subject,linked_art:schema_about,2026-06-19T21:19:44Z
RP-F-F00710-S,330182370,subject,linked_art:schema_about,2026-06-19T21:19:44Z
RP-F-F00805-Q,330182370,subject,linked_art:schema_about,2026-06-19T21:19:44Z
RP-F-F00743-T,330182370,subject,linked_art:schema_about,2026-06-19T21:19:44Z
NG-649,330182370,subject,linked_art:schema_about,2026-06-19T21:19:44Z
RP-P-OB-9034,330182370,subject,linked_art:schema_about,2026-06-19T21:19:44Z
NG-1972-28-5-K,330182370,subject,linked_art:schema_about,2026-06-19T21:19:44Z
RP-F-F00797-C,330182388,subject,linked_art:schema_about,2026-06-19T21:19:44Z
RP-T-1969-350(R),330182388,subject,linked_art:schema_about,2026-06-19T21:19:44Z
RP-P-OB-15.652,330182388,subject,linked_art:schema_about,2026-06-19T21:19:44Z
RP-F-F00652-AI,330182487,subject,linked_art:schema_about,2026-06-19T21:19:44Z
RP-F-F22031,330182575,subject,linked_art:schema_about,2026-06-19T21:19:44Z
RP-F-F16481,330182763,subject,linked_art:schema_about,2026-06-19T21:19:44Z
RP-T-1947-34(R),330182763,subject,linked_art:schema_about,2026-06-19T21:19:44Z
RP-F-F07032,330182997,subject,linked_art:schema_about,2026-06-19T21:19:44Z
RP-F-F01138-C,330182997,subject,linked_art:schema_about,2026-06-19T21:19:44Z
RP-F-F01160-CM,330182997,subject,linked_art:schema_about,2026-06-19T21:19:44Z
RP-P-1880-A-4398,330182997,subject,linked_art:schema_about,2026-06-19T21:19:44Z
RP-F-F04781,330183191,subject,linked_art:schema_about,2026-06-19T21:19:44Z
RP-F-F04884,330183210,subject,linked_art:schema_about,2026-06-19T21:19:44Z
RP-T-1984-101,330183210,subject,linked_art:schema_about,2026-06-19T21:19:44Z
RP-F-F07186,330183268,subject,linked_art:schema_about,2026-06-19T21:19:44Z
RP-F-F05309,330183406,subject,linked_art:schema_about,2026-06-19T21:19:44Z
RP-F-F22322,330183466,subject,linked_art:schema_about,2026-06-19T21:19:44Z
RP-F-F07423,330183490,subject,linked_art:schema_about,2026-06-19T21:19:44Z
RP-F-F18418,330183572,subject,linked_art:schema_about,2026-06-19T21:19:44Z
RP-F-F06025,330183639,subject,linked_art:schema_about,2026-06-19T21:19:44Z
RP-F-F06019,330183722,subject,linked_art:schema_about,2026-06-19T21:19:44Z
RP-F-F07428,330183761,subject,linked_art:schema_about,2026-06-19T21:19:44Z
RP-F-F23975,330183787,subject,linked_art:schema_about,2026-06-19T21:19:44Z
RP-P-1914-4611,330183787,subject,linked_art:schema_about,2026-06-19T21:19:44Z
RP-F-F06191,330183875,subject,linked_art:schema_about,2026-06-19T21:19:44Z
RP-P-1884-A-8200,330183962,subject,linked_art:schema_about,2026-06-19T21:19:44Z
RP-P-1884-A-8201,330183962,subject,linked_art:schema_about,2026-06-19T21:19:44Z
RP-P-1884-A-8204,330183962,subject,linked_art:schema_about,2026-06-19T21:19:44Z
RP-P-1884-A-8270,330183962,subject,linked_art:schema_about,2026-06-19T21:19:44Z
RP-P-OB-43.536,330183962,subject,linked_art:schema_about,2026-06-19T21:19:44Z
RP-P-1905-1327,330183962,subject,linked_art:schema_about,2026-06-19T21:19:44Z
RP-F-F24062,330183962,subject,linked_art:schema_about,2026-06-19T21:19:44Z
NG-VG-7-263-A,330183962,subject,linked_art:schema_about,2026-06-19T21:19:44Z
RP-F-F00894-AV,330183962,subject,linked_art:schema_about,2026-06-19T21:19:44Z
RP-F-F00929-B,330183962,subject,linked_art:schema_about,2026-06-19T21:19:44Z
RP-P-1906-2414,330183962,subject,linked_art:schema_about,2026-06-19T21:19:44Z
RP-F-F24469,330184125,subject,linked_art:schema_about,2026-06-19T21:19:44Z
RP-F-F07454,330184174,subject,linked_art:schema_about,2026-06-19T21:19:44Z
RP-F-F07659,330184174,subject,linked_art:schema_about,2026-06-19T21:19:44Z
RP-F-F07662,330184174,subject,linked_art:schema_about,2026-06-19T21:19:44Z
RP-F-F07669,330184174,subject,linked_art:schema_about,2026-06-19T21:19:44Z
RP-F-F07673,330184174,subject,linked_art:schema_about,2026-06-19T21:19:44Z
RP-F-F24586,330184216,subject,linked_art:schema_about,2026-06-19T21:19:44Z
RP-F-F06447,330184437,subject,linked_art:schema_about,2026-06-19T21:19:44Z
RP-F-F24518,330184586,subject,linked_art:schema_about,2026-06-19T21:19:44Z
RP-F-F06556,330184674,subject,linked_art:schema_about,2026-06-19T21:19:44Z
RP-F-F24058,330184819,subject,linked_art:schema_about,2026-06-19T21:19:44Z
RP-F-F01139-DE,330185054,subject,linked_art:schema_about,2026-06-19T21:19:44Z
RP-F-F01139-DN,330185077,subject,linked_art:schema_about,2026-06-19T21:19:44Z
RP-F-F24889,330185514,subject,linked_art:schema_about,2026-06-19T21:19:44Z
RP-F-F07096,330185619,subject,linked_art:schema_about,2026-06-19T21:19:44Z
RP-F-F07245,330185968,subject,linked_art:schema_about,2026-06-19T21:19:44Z
RP-F-F07256,330185990,subject,linked_art:schema_about,2026-06-19T21:19:44Z
RP-P-OB-25.236,330186185,subject,linked_art:schema_about,2026-06-19T21:19:44Z
RP-P-1905-3867,330186185,subject,linked_art:schema_about,2026-06-19T21:19:44Z
RP-F-F01215-AK,330186731,subject,linked_art:schema_about,2026-06-19T21:19:44Z
RP-F-F17285-B,330186731,subject,linked_art:schema_about,2026-06-19T21:19:44Z
RP-P-OB-52.740,330186731,subject,linked_art:schema_about,2026-06-19T21:19:44Z
RP-F-F01149-SD,330186745,subject,linked_art:schema_about,2026-06-19T21:19:44Z
RP-F-F01149-IF,330186759,subject,linked_art:schema_about,2026-06-19T21:19:44Z
BI-1915-88-1,330186759,subject,linked_art:schema_about,2026-06-19T21:19:44Z
RP-F-F01215-AV,330186809,subject,linked_art:schema_about,2026-06-19T21:19:44Z
RP-F-F01001-AA,330186924,subject,linked_art:schema_about,2026-06-19T21:19:44Z
RP-F-F01001-AG,330186924,subject,linked_art:schema_about,2026-06-19T21:19:44Z
RP-F-F01001-AH,330186924,subject,linked_art:schema_about,2026-06-19T21:19:44Z
RP-F-F01143-BK,330186944,subject,linked_art:schema_about,2026-06-19T21:19:44Z
RP-F-F01182-R,330186967,subject,linked_art:schema_about,2026-06-19T21:19:44Z
RP-F-F01139-CT,330187130,subject,linked_art:schema_about,2026-06-19T21:19:44Z
RP-F-F08032,330187232,subject,linked_art:schema_about,2026-06-19T21:19:44Z
RP-F-F00664-AV,330187232,subject,linked_art:schema_about,2026-06-19T21:19:44Z
RP-F-F01025-AH,330187344,subject,linked_art:schema_about,2026-06-19T21:19:44Z
RP-F-F01132-BY,330187501,subject,linked_art:schema_about,2026-06-19T21:19:44Z
RP-F-F01077-AS,330187643,subject,linked_art:schema_about,2026-06-19T21:19:44Z
RP-F-F08105,330187840,subject,linked_art:schema_about,2026-06-19T21:19:44Z
NG-VG-7-4,330188109,subject,linked_art:schema_about,2026-06-19T21:19:44Z
RP-F-F00664-AV,330188109,subject,linked_art:schema_about,2026-06-19T21:19:44Z
RP-F-F09198,330188158,subject,linked_art:schema_about,2026-06-19T21:19:44Z
RP-F-F08154,330188366,subject,linked_art:schema_about,2026-06-19T21:19:44Z
RP-F-F01171-Y,330188366,subject,linked_art:schema_about,2026-06-19T21:19:44Z
RP-F-F08454,330188519,subject,linked_art:schema_about,2026-06-19T21:19:44Z
NG-VG-7-14,330188625,subject,linked_art:schema_about,2026-06-19T21:19:44Z
RP-F-F08367,330188677,subject,linked_art:schema_about,2026-06-19T21:19:44Z
RP-F-F26545,330188677,subject,linked_art:schema_about,2026-06-19T21:19:44Z
RP-F-F01133-P,330189475,subject,linked_art:schema_about,2026-06-19T21:19:44Z
RP-F-F08131,330189502,subject,linked_art:schema_about,2026-06-19T21:19:44Z
RP-F-F01095-BM,330189801,subject,linked_art:schema_about,2026-06-19T21:19:44Z
RP-F-F15402(V),330189943,subject,linked_art:schema_about,2026-06-19T21:19:44Z
RP-T-1963-60,330190234,subject,linked_art:schema_about,2026-06-19T21:19:44Z
RP-F-F00691-U,330190538,subject,linked_art:schema_about,2026-06-19T21:19:44Z
RP-F-F01100-I,330190576,subject,linked_art:schema_about,2026-06-19T21:19:44Z
RP-F-F00664-BC,330190576,subject,linked_art:schema_about,2026-06-19T21:19:44Z
RP-F-F26664,330190576,subject,linked_art:schema_about,2026-06-19T21:19:44Z
RP-F-F11576,330191179,subject,linked_art:schema_about,2026-06-19T21:19:44Z
RP-F-F13586,330191331,subject,linked_art:schema_about,2026-06-19T21:19:44Z
RP-F-F11134,330191495,subject,linked_art:schema_about,2026-06-19T21:19:44Z
RP-T-1959-246,330191615,subject,linked_art:schema_about,2026-06-19T21:19:44Z
RP-F-F01032-B,330191651,subject,linked_art:schema_about,2026-06-19T21:19:44Z
RP-F-F13552,330191694,subject,linked_art:schema_about,2026-06-19T21:19:44Z
RP-F-F00692-M,330191946,subject,linked_art:schema_about,2026-06-19T21:19:44Z
RP-T-1948-198(R),330192091,subject,linked_art:schema_about,2026-06-19T21:19:44Z
BK-1991-37-B,330192091,subject,linked_art:schema_about,2026-06-19T21:19:44Z
RP-T-1969-538(R),330192280,subject,linked_art:schema_about,2026-06-19T21:19:44Z
RP-T-1969-545,330192283,subject,linked_art:schema_about,2026-06-19T21:19:44Z
RP-F-F20236,330192336,subject,linked_art:schema_about,2026-06-19T21:19:44Z
RP-F-F11142,330192579,subject,linked_art:schema_about,2026-06-19T21:19:44Z
RP-F-F10208,330192705,subject,linked_art:schema_about,2026-06-19T21:19:44Z
RP-F-F25628-E,330192742,subject,linked_art:schema_about,2026-06-19T21:19:44Z
RP-F-F25501-BS,330193047,subject,linked_art:schema_about,2026-06-19T21:19:44Z
RP-F-F11238,330193062,subject,linked_art:schema_about,2026-06-19T21:19:44Z
RP-F-F25219-G,330193459,subject,linked_art:schema_about,2026-06-19T21:19:44Z
RP-F-F00894-AY,330193807,subject,linked_art:schema_about,2026-06-19T21:19:44Z
RP-F-F01211-AN,330194096,subject,linked_art:schema_about,2026-06-19T21:19:44Z
RP-F-F25216-K,330194130,subject,linked_art:schema_about,2026-06-19T21:19:44Z
RP-F-F25220-AA,330194130,subject,linked_art:schema_about,2026-06-19T21:19:44Z
RP-F-F25227-G,330194130,subject,linked_art:schema_about,2026-06-19T21:19:44Z
RP-F-F10176,330194295,subject,linked_art:schema_about,2026-06-19T21:19:44Z
RP-P-1907-4351,330194800,subject,linked_art:schema_about,2026-06-19T21:19:44Z
RP-P-1907-4354,330194800,subject,linked_art:schema_about,2026-06-19T21:19:44Z
RP-P-1907-4355,330194800,subject,linked_art:schema_about,2026-06-19T21:19:44Z
RP-P-OB-52.801,330194800,subject,linked_art:schema_about,2026-06-19T21:19:44Z
RP-P-OB-36.357,330194800,subject,linked_art:schema_about,2026-06-19T21:19:44Z
RP-P-1911-5847,330194800,subject,linked_art:schema_about,2026-06-19T21:19:44Z
RP-P-OB-23.059,330194800,subject,linked_art:schema_about,2026-06-19T21:19:44Z
BK-NM-4691,330194800,subject,linked_art:schema_about,2026-06-19T21:19:44Z
RP-P-1884-A-7664,330194800,subject,linked_art:schema_about,2026-06-19T21:19:44Z
RP-P-1908-4772,330194800,subject,linked_art:schema_about,2026-06-19T21:19:44Z
RP-P-OB-71.032,330194800,subject,linked_art:schema_about,2026-06-19T21:19:44Z
RP-P-OB-71.334,330194800,subject,linked_art:schema_about,2026-06-19T21:19:44Z
RP-P-OB-23.803,330194800,subject,linked_art:schema_about,2026-06-19T21:19:44Z
RP-P-1910-6188,330194800,subject,linked_art:schema_about,2026-06-19T21:19:44Z
RP-P-OB-61.580,330194800,subject,linked_art:schema_about,2026-06-19T21:19:44Z
RP-P-OB-19.717,330194800,subject,linked_art:schema_about,2026-06-19T21:19:44Z
RP-P-OB-61.167,330194800,subject,linked_art:schema_about,2026-06-19T21:19:44Z
RP-P-OB-27.788,330194800,subject,linked_art:schema_about,2026-06-19T21:19:44Z
RP-P-1915-587,330194800,subject,linked_art:schema_about,2026-06-19T21:19:44Z
RP-P-1967-807,330194800,subject,linked_art:schema_about,2026-06-19T21:19:44Z
RP-P-1919-426,330194800,subject,linked_art:schema_about,2026-06-19T21:19:44Z
NG-VG-9-909-H,330194800,subject,linked_art:schema_about,2026-06-19T21:19:44Z
NG-MC-1889-8,330194800,subject,linked_art:schema_about,2026-06-19T21:19:44Z
RP-T-1918-526,330194800,subject,linked_art:schema_about,2026-06-19T21:19:44Z
RP-T-00-2210,330194800,subject,linked_art:schema_about,2026-06-19T21:19:44Z
RP-F-F00179,330194800,subject,linked_art:schema_about,2026-06-19T21:19:44Z
RP-F-F14484-A,330194800,subject,linked_art:schema_about,2026-06-19T21:19:44Z
RP-F-F22033,330194800,subject,linked_art:schema_about,2026-06-19T21:19:44Z
RP-F-F24321,330194800,subject,linked_art:schema_about,2026-06-19T21:19:44Z
NG-VG-7-209,330194800,subject,linked_art:schema_about,2026-06-19T21:19:44Z
RP-F-F01149-IG,330194800,subject,linked_art:schema_about,2026-06-19T21:19:44Z
RP-F-F08143,330194800,subject,linked_art:schema_about,2026-06-19T21:19:44Z
RP-F-F01122-W,330194800,subject,linked_art:schema_about,2026-06-19T21:19:44Z
RP-F-F10851,330194800,subject,linked_art:schema_about,2026-06-19T21:19:44Z
RP-F-F25484-Z,330194800,subject,linked_art:schema_about,2026-06-19T21:19:44Z
RP-F-F25734-G,330194800,subject,linked_art:schema_about,2026-06-19T21:19:44Z
RP-F-F19274,330194800,subject,linked_art:schema_about,2026-06-19T21:19:44Z
BK-1978-208-A,330194800,subject,linked_art:schema_about,2026-06-19T21:19:44Z
BK-1994-34,330194800,subject,linked_art:schema_about,2026-06-19T21:19:44Z
BK-1992-26-B,330194800,subject,linked_art:schema_about,2026-06-19T21:19:44Z
RP-T-1981-362,330194800,subject,linked_art:schema_about,2026-06-19T21:19:44Z
RP-P-1908-5182,330194800,subject,linked_art:schema_about,2026-06-19T21:19:44Z
RP-P-1909-686,330194800,subject,linked_art:schema_about,2026-06-19T21:19:44Z
BK-1978-878,330194800,subject,linked_art:schema_about,2026-06-19T21:19:44Z
RP-P-OB-15.442,330194800,subject,linked_art:schema_about,2026-06-19T21:19:44Z
RP-P-1898-A-19666,330194800,subject,linked_art:schema_about,2026-06-19T21:19:44Z
BK-16605,330194800,subject,linked_art:schema_about,2026-06-19T21:19:44Z
RP-D-00-38,330194800,subject,linked_art:schema_about,2026-06-19T21:19:44Z
RP-T-1920-73,330194800,subject,linked_art:schema_about,2026-06-19T21:19:44Z
BK-NM-5850,330194800,subject,linked_art:schema_about,2026-06-19T21:19:44Z
RP-P-1881-A-4882,330194800,subject,linked_art:schema_about,2026-06-19T21:19:44Z
RP-P-BI-1064,330194800,subject,linked_art:schema_about,2026-06-19T21:19:44Z
RP-P-1905-3801,330194800,subject,linked_art:schema_about,2026-06-19T21:19:44Z
RP-P-1921-1702,330194800,subject,linked_art:schema_about,2026-06-19T21:19:44Z
AK-MAK-1416-WW,330194800,subject,linked_art:schema_about,2026-06-19T21:19:44Z
RP-P-BI-1947,330194800,subject,linked_art:schema_about,2026-06-19T21:19:44Z
RP-P-1908-4292,330194800,subject,linked_art:schema_about,2026-06-19T21:19:44Z
RP-P-OB-115.421,330194800,subject,linked_art:schema_about,2026-06-19T21:19:44Z
RP-P-OB-42.824,330194800,subject,linked_art:schema_about,2026-06-19T21:19:44Z
RP-F-F25728-FJ,330194881,subject,linked_art:schema_about,2026-06-19T21:19:44Z
RP-F-F25727-AA,330194918,subject,linked_art:schema_about,2026-06-19T21:19:44Z
RP-F-F10658,330195016,subject,linked_art:schema_about,2026-06-19T21:19:44Z
RP-F-F13641,330195234,subject,linked_art:schema_about,2026-06-19T21:19:44Z
RP-F-F25726-BR,330195370,subject,linked_art:schema_about,2026-06-19T21:19:44Z
RP-F-F25726-BQ,330195373,subject,linked_art:schema_about,2026-06-19T21:19:44Z
RP-F-F25560-P,330195647,subject,linked_art:schema_about,2026-06-19T21:19:44Z
RP-F-F25726-BV,330196374,subject,linked_art:schema_about,2026-06-19T21:19:44Z
RP-F-F25671-K,330196791,subject,linked_art:schema_about,2026-06-19T21:19:44Z
RP-F-F19247,330196817,subject,linked_art:schema_about,2026-06-19T21:19:44Z
RP-F-F25671-L,330196830,subject,linked_art:schema_about,2026-06-19T21:19:44Z
RP-F-F00908-AE,330197109,subject,linked_art:schema_about,2026-06-19T21:19:44Z
RP-F-F00667-AR,330197193,subject,linked_art:schema_about,2026-06-19T21:19:44Z
RP-P-BI-187,330197193,subject,linked_art:schema_about,2026-06-19T21:19:44Z
RP-F-F17826-F,330197306,subject,linked_art:schema_about,2026-06-19T21:19:44Z
RP-F-F00674-BN,330197308,subject,linked_art:schema_about,2026-06-19T21:19:44Z
RP-F-F00747-AX,330197540,subject,linked_art:schema_about,2026-06-19T21:19:44Z
RP-F-F09056,330197678,subject,linked_art:schema_about,2026-06-19T21:19:44Z
RP-F-F08814,330198093,subject,linked_art:schema_about,2026-06-19T21:19:44Z
RP-F-F08814,330198094,subject,linked_art:schema_about,2026-06-19T21:19:44Z
RP-F-F00749-AB,330198111,subject,linked_art:schema_about,2026-06-19T21:19:44Z
RP-F-F00792-F,330198387,subject,linked_art:schema_about,2026-06-19T21:19:44Z
RP-F-F00747-B,330199068,subject,linked_art:schema_about,2026-06-19T21:19:44Z
RP-P-OB-22.979,330199068,subject,linked_art:schema_about,2026-06-19T21:19:44Z
RP-F-F00830-BC,330199197,subject,linked_art:schema_about,2026-06-19T21:19:44Z
RP-F-F01171-Y,330199290,subject,linked_art:schema_about,2026-06-19T21:19:44Z
NG-1995-10-65,330199290,subject,linked_art:schema_about,2026-06-19T21:19:44Z
RP-F-F00710-BT,330199538,subject,linked_art:schema_about,2026-06-19T21:19:44Z
RP-F-F22887-V,330200174,subject,linked_art:schema_about,2026-06-19T21:19:44Z
RP-F-F18781,330200177,subject,linked_art:schema_about,2026-06-19T21:19:44Z
RP-T-1969-657,330200250,subject,linked_art:schema_about,2026-06-19T21:19:44Z
RP-T-1994-260,330200325,subject,linked_art:schema_about,2026-06-19T21:19:44Z
BK-1983-175-A,330200599,subject,linked_art:schema_about,2026-06-19T21:19:44Z
BK-1959-141-E,330201364,subject,linked_art:schema_about,2026-06-19T21:19:44Z
RP-F-1994-62-16,330201398,subject,linked_art:schema_about,2026-06-19T21:19:44Z
RP-P-1908-3915,330201613,subject,linked_art:schema_about,2026-06-19T21:19:44Z
RP-T-1980-47(R),330201769,subject,linked_art:schema_about,2026-06-19T21:19:44Z
BK-1967-95-1,330201787,subject,linked_art:schema_about,2026-06-19T21:19:44Z
BK-1967-96-B,330202192,subject,linked_art:schema_about,2026-06-19T21:19:44Z
RP-T-1960-624,330202192,subject,linked_art:schema_about,2026-06-19T21:19:44Z
NG-695-59,330202311,subject,linked_art:schema_about,2026-06-19T21:19:44Z
RP-T-1939-118,330202993,subject,linked_art:schema_about,2026-06-19T21:19:44Z
BK-1973-418,330203270,subject,linked_art:schema_about,2026-06-19T21:19:44Z
RP-T-1944-237F,330203310,subject,linked_art:schema_about,2026-06-19T21:19:44Z
BK-1978-607-A,330203618,subject,linked_art:schema_about,2026-06-19T21:19:44Z
RP-P-1898-A-20435,330203618,subject,linked_art:schema_about,2026-06-19T21:19:44Z
RP-T-1949-790,330203877,subject,linked_art:schema_about,2026-06-19T21:19:44Z
RP-T-1949-935,330204056,subject,linked_art:schema_about,2026-06-19T21:19:44Z
RP-T-1983-49,330204083,subject,linked_art:schema_about,2026-06-19T21:19:44Z
RP-P-OB-19.731,330204083,subject,linked_art:schema_about,2026-06-19T21:19:44Z
RP-T-1950-243,330204274,subject,linked_art:schema_about,2026-06-19T21:19:44Z
RP-P-OB-57.036,330204274,subject,linked_art:schema_about,2026-06-19T21:19:44Z
RP-P-OB-28.874,330204560,subject,linked_art:schema_about,2026-06-19T21:19:44Z
RP-D-1985-80,330204605,subject,linked_art:schema_about,2026-06-19T21:19:44Z
RP-T-1986-10,330204821,subject,linked_art:schema_about,2026-06-19T21:19:44Z
RP-T-1953-263,330204862,subject,linked_art:schema_about,2026-06-19T21:19:44Z
RP-T-1905-83,330204937,subject,linked_art:schema_about,2026-06-19T21:19:44Z
RP-T-FM-293,330205596,subject,linked_art:schema_about,2026-06-19T21:19:44Z
RP-T-FM-294,330205596,subject,linked_art:schema_about,2026-06-19T21:19:44Z
RP-T-FM-295,330205596,subject,linked_art:schema_about,2026-06-19T21:19:44Z
BK-1973-644,330207485,subject,linked_art:schema_about,2026-06-19T21:19:44Z
RP-T-00-2784,330209151,subject,linked_art:schema_about,2026-06-19T21:19:44Z
BK-BFR-164-E,330209198,subject,linked_art:schema_about,2026-06-19T21:19:44Z
RP-T-1953-469,330213660,subject,linked_art:schema_about,2026-06-19T21:19:44Z
BK-1973-727-C,330215084,subject,linked_art:schema_about,2026-06-19T21:19:44Z
BK-1973-749-3,330215084,subject,linked_art:schema_about,2026-06-19T21:19:44Z
BK-1987-28-F,330216137,subject,linked_art:schema_about,2026-06-19T21:19:44Z
RP-P-OB-24.921,330217770,subject,linked_art:schema_about,2026-06-19T21:19:44Z
BK-NM-12028-35-G,330218710,subject,linked_art:schema_about,2026-06-19T21:19:44Z
NG-687,330226149,subject,linked_art:schema_about,2026-06-19T21:19:44Z
RP-P-1939-715,330226149,subject,linked_art:schema_about,2026-06-19T21:19:44Z
RP-P-1921-363,330226149,subject,linked_art:schema_about,2026-06-19T21:19:44Z
